"","Date","six-month","two-yr","five-yr","thirty-yr"
"1","01-01-2009",4.6,5.047,5.38,6.364
"2","01-01-2010",4.1,5.539,7.241,8.337
"3","01-01-2013",8.09,7.788,7.989,8.222
"4","01-01-2014",8.8,8.665,8.948,9.269
"5","01-01-2015",8.35,7.879,8.028,8.035
"6","01-01-2016",7.25,7.338,7.697,8.085
"7","01-01-2018",6.32,6.768,7.155,7.642
"8","01-01-2019",6.87,7.036,7.324,7.627
"9","01-01-2020",5.22,5.775,6.43,7.104
"10","01-02-2008",7.25,7.488,7.604,7.814
"11","01-02-2012",8.4,8.076,8.403,8.496
"12","01-02-2013",8.08,7.78,7.949,8.12
"13","01-02-2015",8.36,8.019,8.034,7.716
"14","01-02-2017",6.25,6.317,6.518,7.04
"15","01-02-2018",6.31,6.774,7.209,7.82
"16","01-02-2019",6.81,6.989,7.215,7.701
"17","01-03-2011",7.3,7.54,7.873,8.505
"18","01-03-2012",8.4,8.051,8.351,8.599
"19","01-03-2013",8.06,7.773,7.898,8.17
"20","01-03-2017",6.18,6.334,6.626,7.468
"21","01-03-2018",6.35,6.753,7.184,7.96
"22","01-03-2019",6.8,7.034,7.329,7.79
"23","01-05-2012",8.4,8.021,8.317,8.917
"24","01-05-2013",8.06,7.75,7.865,7.92
"25","01-06-2009",4.35,4.672,5.306,7.685
"26","01-06-2010",4.1,5.416,7.241,8.456
"27","01-06-2011",7.3,7.452,7.959,8.64
"28","01-06-2012",8.35,8.011,8.285,8.7
"29","01-06-2015",8.35,8.03,8.062,7.966
"30","01-06-2016",7.18,7.319,7.677,7.869
"31","01-06-2017",6.19,6.337,6.542,7.293
"32","01-06-2020",5.2,5.778,6.445,6.618
"33","01-07-2008",7.1,7.413,7.536,9.276
"34","01-07-2009",4.6,5.11,5.971,7.739
"35","01-07-2010",4.1,5.443,7.266,8.35
"36","01-07-2011",7.35,7.46,7.985,8.66
"37","01-07-2013",8.07,7.734,7.871,7.862
"38","01-07-2014",8.74,8.472,8.892,8.772
"39","01-07-2015",8.33,7.991,8.032,8.124
"40","01-07-2016",7.21,7.274,7.659,7.713
"41","01-07-2019",6.8,7.061,7.393,7.109
"42","01-07-2020",5.2,5.743,6.415,6.509
"43","01-08-2008",7.15,7.471,7.563,9.767
"44","01-08-2013",8.03,7.734,7.87,8.64
"45","01-08-2014",8.73,8.548,8.905,8.76
"46","01-08-2016",7.22,7.305,7.663,7.346
"47","01-08-2018",6.32,6.743,7.175,8.014
"48","01-08-2019",6.8,7.005,7.291,6.835
"49","01-09-2008",7.15,7.518,7.567,9.574
"50","01-09-2009",4.6,5.203,6.053,8.227
"51","01-09-2012",8.35,7.96,8.255,8.637
"52","01-09-2013",8.01,7.744,7.859,9.243
"53","01-09-2014",8.77,8.524,8.883,8.778
"54","01-09-2015",8.29,7.95,7.997,7.984
"55","01-09-2017",6.2,6.332,6.536,7.129
"56","01-09-2020",5.2,5.693,6.344,6.558
"57","01-10-2008",7.2,7.464,7.521,9.233
"58","01-10-2012",8.35,7.908,8.275,8.461
"59","01-10-2013",8.01,7.77,7.846,9.322
"60","01-10-2014",8.75,8.502,8.848,8.687
"61","01-10-2018",6.4,6.794,7.257,8.227
"62","01-10-2019",6.74,7.003,7.329,7.165
"63","01-10-2020",5.2,5.69,6.403,6.779
"64","01-11-2010",4.1,5.367,7.278,8.458
"65","01-11-2011",7.3,7.677,8.018,8.994
"66","01-11-2012",8.4,7.902,8.26,8.412
"67","01-11-2013",8.01,7.755,7.84,9.084
"68","01-11-2016",7.21,7.289,7.666,7.226
"69","01-11-2017",6.21,6.325,6.529,7.316
"70","01-11-2018",6.4,6.811,7.244,8.163
"71","01-11-2019",6.76,7,7.285,7.174
"72","01-12-2009",4.6,4.953,5.919,8.319
"73","01-12-2010",4.1,5.408,7.278,8.481
"74","01-12-2011",7.35,7.677,8.048,9.067
"75","01-12-2012",8.4,7.957,8.273,8.466
"76","01-12-2015",8.28,7.917,7.948,7.965
"77","01-12-2016",7.22,7.266,7.668,6.671
"78","02-01-2008",7.35,7.436,7.468,8.083
"79","02-01-2012",8.7,8.062,8.218,8.725
"80","02-01-2013",7.97,7.758,7.96,8.222
"81","02-01-2015",8.08,7.787,7.672,8.066
"82","02-01-2017",6.18,6.28,6.561,6.955
"83","02-01-2018",6.5,6.9,7.43,7.674
"84","02-01-2019",6.68,6.988,7.377,7.616
"85","02-02-2009",4.7,4.637,5.932,7.262
"86","02-02-2010",4.3,5.188,7.227,8.403
"87","02-02-2011",7.5,7.761,8.124,8.565
"88","02-02-2012",8.65,8.103,8.206,8.484
"89","02-02-2015",8.13,7.789,7.626,7.659
"90","02-02-2016",7.25,7.307,7.68,8.283
"91","02-02-2017",6.17,6.246,6.56,7.04
"92","02-02-2018",6.51,6.925,7.441,7.839
"93","02-03-2009",4.7,4.634,5.985,7.607
"94","02-03-2010",4.55,5.18,7.227,8.469
"95","02-03-2012",8.65,8.121,8.213,8.597
"96","02-03-2015",8.08,7.791,7.724,7.712
"97","02-03-2016",7.27,7.32,7.667,8.237
"98","02-03-2017",6.16,6.252,6.548,7.442
"99","02-04-2008",7.25,7.449,7.502,8.455
"100","02-04-2009",4.7,4.784,5.939,7.802
"101","02-04-2013",7.96,7.768,8.005,8.256
"102","02-04-2014",8.96,8.655,8.826,9.225
"103","02-04-2019",6.76,7.029,7.425,7.587
"104","02-05-2008",7.25,7.417,7.477,8.357
"105","02-05-2013",7.94,7.754,7.993,7.92
"106","02-05-2014",8.96,8.657,8.827,9.088
"107","02-05-2016",7.26,7.299,7.649,7.843
"108","02-05-2018",6.51,6.92,7.433,8.002
"109","02-05-2019",6.7,6.999,7.414,7.667
"110","02-06-2008",7.3,7.389,7.446,8.44
"111","02-06-2009",4.65,4.775,5.853,7.671
"112","02-06-2012",8.65,8.117,8.21,8.7
"113","02-06-2014",8.93,8.658,8.845,8.778
"114","02-06-2015",8.18,7.863,7.711,8.048
"115","02-06-2017",6.15,6.251,6.575,7.308
"116","02-07-2008",7.3,7.386,7.446,9.287
"117","02-07-2012",8.6,8.138,8.233,8.673
"118","02-07-2013",7.97,7.732,7.97,7.879
"119","02-07-2014",8.95,8.74,8.852,8.724
"120","02-07-2017",6.16,6.245,6.55,7.116
"121","02-07-2018",6.5,6.83,7.378,8.095
"122","02-07-2019",6.5,6.818,7.279,7.078
"123","02-08-2010",4.35,5.176,7.176,8.429
"124","02-08-2011",7.45,7.774,8.162,8.722
"125","02-08-2012",8.75,8.129,8.258,8.655
"126","02-08-2013",7.97,7.733,7.946,8.778
"127","02-08-2016",7.26,7.391,7.663,7.376
"128","02-08-2017",6.28,6.472,6.798,7.063
"129","02-08-2018",6.49,6.802,7.308,8.08
"130","02-08-2019",6.5,6.781,7.201,6.84
"131","02-09-2009",4.65,4.824,5.882,8.201
"132","02-09-2010",4.4,5.168,7.189,8.385
"133","02-09-2011",7.45,7.788,8.156,8.668
"134","02-09-2013",7.97,7.733,7.946,9.135
"135","02-09-2015",8.17,7.915,7.734,7.969
"136","02-09-2016",7.26,7.386,7.661,7.267
"137","02-10-2012",8.7,8.153,8.266,8.461
"138","02-11-2010",4.4,5.165,7.291,8.417
"139","02-11-2011",7.45,7.75,8.17,8.995
"140","02-11-2012",8.7,8.153,8.266,8.408
"141","02-11-2015",8.25,7.947,7.756,7.847
"142","02-11-2016",7.29,7.375,7.653,7.237
"143","02-12-2008",7.3,7.402,7.443,7.672
"144","02-12-2009",4.6,4.664,5.761,8.335
"145","02-12-2013",7.98,7.753,7.972,9.191
"146","02-12-2014",9.04,8.745,8.977,8.084
"147","02-12-2015",8.25,7.935,7.781,7.99
"148","02-12-2016",7.28,7.373,7.667,6.699
"149","02-12-2019",6.48,6.783,7.217,7.166
"150","03-01-2011",7.55,7.731,8.097,8.434
"151","03-01-2012",8.75,8.2,8.345,8.667
"152","03-01-2013",8.07,7.781,7.989,8.19
"153","03-01-2017",6.16,6.474,7.02,7.015
"154","03-01-2018",6.49,6.864,7.477,7.669
"155","03-01-2019",6.49,6.677,7.048,7.656
"156","03-02-2009",4.55,4.85,5.887,7.335
"157","03-02-2010",4.6,6.168,7.368,8.403
"158","03-02-2012",8.75,8.177,8.335,8.523
"159","03-02-2015",8.3,7.823,7.811,7.677
"160","03-02-2016",7.2,7.422,7.72,8.288
"161","03-02-2017",6.1,6.473,7.019,7.049
"162","03-03-2008",7.4,7.464,7.493,7.93
"163","03-03-2009",4.55,4.874,5.957,7.639
"164","03-03-2010",4.75,6.167,7.369,8.469
"165","03-03-2011",7.5,7.673,8.052,8.46
"166","03-03-2012",8.75,8.177,8.335,8.597
"167","03-03-2014",9.08,8.669,9.015,9.279
"168","03-03-2015",8.28,7.823,7.841,7.723
"169","03-03-2016",7.2,7.458,7.753,8.245
"170","03-03-2017",6.16,6.446,7.018,7.426
"171","03-04-2008",7.4,7.527,7.541,8.442
"172","03-04-2013",8.06,7.786,7.929,8.234
"173","03-04-2014",9.08,8.649,8.973,9.329
"174","03-05-2010",4.7,6.161,7.356,8.548
"175","03-05-2012",8.73,8.183,8.33,8.944
"176","03-05-2013",8.05,7.787,7.919,7.933
"177","03-05-2018",6.5,6.871,7.498,7.96
"178","03-05-2019",6.44,6.648,7.048,7.682
"179","03-06-2009",4.45,4.942,6.218,7.662
"180","03-06-2013",8.06,7.768,7.917,7.5
"181","03-06-2014",9.12,8.636,8.941,8.719
"182","03-06-2019",6.44,6.699,7.055,7.278
"183","03-07-2008",7.4,7.545,7.564,9.342
"184","03-07-2012",8.75,8.208,8.344,8.662
"185","03-07-2013",8.04,7.774,7.912,7.912
"186","03-07-2014",9.11,8.651,8.961,8.698
"187","03-07-2017",6.16,6.493,7.1,7.161
"188","03-07-2018",6.48,6.866,7.432,8.061
"189","03-07-2019",6.46,6.687,7.057,7.061
"190","03-08-2010",4.75,6.16,7.33,8.429
"191","03-08-2011",7.5,7.688,8.033,8.715
"192","03-08-2012",8.75,8.208,8.344,8.657
"193","03-08-2016",7.22,7.493,7.798,7.417
"194","03-08-2017",6.1,6.497,7.082,7.03
"195","03-08-2018",6.45,6.867,7.424,8.094
"196","03-09-2009",4.45,5.02,6.3,8.263
"197","03-09-2010",4.7,6.134,7.291,8.387
"198","03-09-2012",8.75,8.243,8.367,8.623
"199","03-09-2014",9.11,8.651,8.961,8.762
"200","03-09-2015",8.1,7.926,7.798,7.965
"201","03-09-2018",6.45,6.875,7.435,8.25
"202","03-10-2008",7.4,7.584,7.587,9.083
"203","03-10-2011",7.5,7.652,8.007,8.729
"204","03-10-2012",8.75,8.243,8.367,8.438
"205","03-10-2015",8.13,7.955,7.819,7.828
"206","03-10-2016",7.24,7.471,7.785,7.144
"207","03-10-2017",6.07,6.531,7.102,7.259
"208","03-11-2008",7.38,7.562,7.587,8.173
"209","03-11-2010",4.75,6.181,7.278,8.404
"210","03-11-2011",7.5,7.657,8.018,8.982
"211","03-11-2013",8.05,7.747,7.908,9.084
"212","03-11-2014",9.11,8.654,8.897,8.337
"213","03-11-2015",8.15,7.844,7.831,7.849
"214","03-11-2016",7.22,7.486,7.807,7.238
"215","03-12-2008",7.4,7.485,7.525,7.457
"216","03-12-2009",4.5,5.336,6.673,8.362
"217","03-12-2010",4.75,6.201,7.278,8.503
"218","03-12-2012",8.7,8.26,8.385,8.462
"219","03-12-2013",8.05,7.772,7.92,9.21
"220","03-12-2014",9.12,8.682,8.864,8.074
"221","03-12-2015",8.15,7.82,7.791,7.948
"222","03-12-2018",6.44,6.852,7.415,7.863
"223","03-12-2019",6.45,6.621,7.022,7.154
"224","04-02-2008",7.23,7.571,7.78,7.845
"225","04-02-2009",4.7,5.495,6.794,7.367
"226","04-02-2013",7.82,7.69,7.969,8.141
"227","04-02-2014",8.93,8.825,9.015,9.147
"228","04-02-2019",6.26,6.484,6.869,7.711
"229","04-03-2008",7.05,7.549,7.745,8.018
"230","04-03-2013",7.83,7.716,7.955,8.161
"231","04-03-2014",8.9,8.855,9.034,9.248
"232","04-04-2008",7,7.677,7.856,8.555
"233","04-04-2012",8.6,8.367,8.64,9.05
"234","04-04-2013",7.82,7.722,7.967,8.227
"235","04-04-2014",8.9,8.749,9.075,9.418
"236","04-04-2016",6.85,7.179,7.465,7.899
"237","04-04-2018",6.32,6.792,7.218,7.617
"238","04-04-2019",6.24,6.572,6.986,7.549
"239","04-05-2010",4.2,6.147,7.227,8.548
"240","04-05-2011",7.5,7.589,7.981,8.609
"241","04-05-2012",8.6,8.367,8.64,8.997
"242","04-05-2016",6.79,7.178,7.493,7.849
"243","04-05-2017",5.85,6.483,6.831,7.5
"244","04-05-2018",6.29,6.746,7.093,7.96
"245","04-06-2009",4.45,5.321,6.751,7.653
"246","04-06-2010",4.2,6.13,7.227,8.475
"247","04-06-2015",7.83,7.813,7.723,8.134
"248","04-06-2018",6.3,6.736,7.103,8.174
"249","04-07-2008",7.2,7.744,7.884,9.454
"250","04-07-2011",7.45,7.58,7.962,8.661
"251","04-07-2014",8.89,8.78,9.092,8.699
"252","04-07-2016",6.85,7.132,7.428,7.725
"253","04-07-2017",6.11,6.569,7.012,7.173
"254","04-08-2008",7.25,7.728,7.865,9.737
"255","04-08-2009",4.2,5.15,6.569,7.913
"256","04-08-2010",4.2,6.117,7.201,8.429
"257","04-08-2011",7.35,7.595,7.978,8.71
"258","04-08-2012",8.6,8.367,8.64,8.657
"259","04-08-2015",7.93,7.812,7.805,8.057
"260","04-09-2008",7.25,7.699,7.835,9.178
"261","04-09-2009",4,5.086,6.393,8.237
"262","04-09-2012",8.65,8.385,8.632,8.624
"263","04-09-2013",7.82,7.634,7.854,9.004
"264","04-09-2014",8.94,8.754,9.034,8.779
"265","04-09-2015",7.86,7.772,7.755,7.987
"266","04-09-2018",6.25,6.779,7.15,8.318
"267","04-09-2019",6.27,6.659,7.129,6.983
"268","04-10-2012",8.6,8.375,8.627,8.423
"269","04-10-2013",7.81,7.645,7.756,9.254
"270","04-10-2017",6.09,6.548,7.023,7.31
"271","04-10-2018",6.27,6.846,7.281,8.383
"272","04-10-2019",6.33,6.646,7.129,7.124
"273","04-11-2008",7.3,7.894,7.987,8.246
"274","04-11-2011",7.5,7.633,8.005,9.004
"275","04-11-2013",7.81,7.645,7.756,9.084
"276","04-11-2016",6.84,7.147,7.374,7.273
"277","04-11-2019",6.34,6.664,7.124,7.175
"278","04-12-2012",8.5,8.3,8.538,8.451
"279","04-12-2013",7.79,7.611,7.78,9.246
"280","04-12-2017",6.1,6.522,6.967,7.515
"281","04-12-2018",6.26,6.893,7.357,7.831
"282","04-12-2019",6.33,6.699,7.203,7.139
"283","05-01-2012",8.4,8.218,8.421,8.644
"284","05-01-2013",7.56,7.45,7.552,8.151
"285","05-02-2008",7.43,7.746,7.861,7.852
"286","05-02-2013",7.56,7.434,7.518,8.154
"287","05-02-2014",8.91,8.684,8.8,9.139
"288","05-02-2016",6.84,7.174,7.475,8.26
"289","05-02-2018",6.37,7.318,7.765,7.882
"290","05-02-2019",6.53,6.709,7.303,7.74
"291","05-03-2010",4.5,5.893,7.441,8.469
"292","05-03-2012",8.4,8.197,8.345,8.606
"293","05-03-2013",7.51,7.451,7.522,8.152
"294","05-03-2018",6.38,7.348,7.754,7.991
"295","05-03-2019",6.51,6.755,7.311,7.788
"296","05-04-2010",4.5,5.865,7.308,8.459
"297","05-04-2011",8.05,8.039,8.432,8.36
"298","05-04-2012",8.4,8.171,8.356,9.05
"299","05-04-2016",6.86,7.167,7.459,7.89
"300","05-04-2017",6.36,6.633,7.066,7.36
"301","05-04-2018",6.4,7.377,7.767,7.543
"302","05-05-2008",7.33,7.709,7.798,8.326
"303","05-05-2009",3.5,4.69,6.116,7.314
"304","05-05-2010",4.5,5.836,7.331,8.537
"305","05-05-2011",8.05,8.059,8.437,8.61
"306","05-05-2012",8.4,8.171,8.356,8.997
"307","05-05-2014",8.88,8.673,8.752,9.022
"308","05-05-2015",7.93,7.882,7.868,7.923
"309","05-05-2016",6.89,7.16,7.457,7.851
"310","05-05-2017",6.38,6.594,7.045,7.5
"311","05-06-2008",7.35,7.706,7.803,8.567
"312","05-06-2009",3.3,4.63,5.928,7.69
"313","05-06-2012",8.4,8.171,8.356,8.607
"314","05-06-2013",7.51,7.452,7.534,7.485
"315","05-06-2014",8.86,8.675,8.781,8.615
"316","05-06-2015",8,7.923,7.916,8.138
"317","05-07-2010",4.4,5.827,7.376,8.367
"318","05-07-2012",8.4,8.167,8.361,8.653
"319","05-07-2013",7.53,7.473,7.527,7.895
"320","05-07-2017",6.38,6.594,7.045,7.156
"321","05-07-2018",6.4,7.37,7.682,8.104
"322","05-07-2019",6.5,6.713,7.283,6.96
"323","05-08-2008",7.33,7.732,7.862,9.608
"324","05-08-2009",3.35,4.647,6.092,7.947
"325","05-08-2012",8.4,8.185,8.34,8.657
"326","05-08-2013",7.51,7.479,7.495,8.667
"327","05-08-2014",8.88,8.683,8.796,8.863
"328","05-08-2015",8,7.943,8.033,8.037
"329","05-08-2019",6.5,6.713,7.24,6.849
"330","05-09-2008",7.3,7.748,7.863,9.189
"331","05-09-2011",8.05,8.092,8.407,8.633
"332","05-09-2012",8.4,8.203,8.367,8.611
"333","05-09-2013",7.48,7.401,7.409,9.056
"334","05-09-2014",8.85,8.739,8.783,8.757
"335","05-09-2017",6.34,6.602,7.061,7.14
"336","05-09-2018",6.4,7.42,7.763,8.313
"337","05-09-2019",6.49,6.713,7.252,7.011
"338","05-10-2010",4.5,5.905,7.399,8.381
"339","05-10-2011",8.1,8.166,8.405,8.814
"340","05-10-2012",8.4,8.181,8.362,8.431
"341","05-10-2016",6.88,7.121,7.427,7.099
"342","05-10-2018",6.48,7.425,7.782,8.341
"343","05-11-2009",3.35,4.673,6.171,8.361
"344","05-11-2012",8.4,8.184,8.376,8.412
"345","05-11-2015",7.98,7.855,7.922,7.883
"346","05-11-2018",6.47,7.422,7.786,8.131
"347","05-12-2008",7.4,7.731,7.828,7.397
"348","05-12-2011",8.15,8.163,8.367,8.921
"349","05-12-2012",8.4,8.184,8.376,8.427
"350","05-12-2014",8.87,8.676,8.762,8.032
"351","05-12-2016",6.88,7.119,7.401,6.72
"352","05-12-2017",6.36,6.599,7.03,7.484
"353","06-01-2009",3.5,5.085,6.483,6.531
"354","06-01-2010",5.2,5.943,7.392,8.37
"355","06-01-2011",8.3,8.257,8.453,8.474
"356","06-01-2012",8.3,8.008,8.273,8.571
"357","06-01-2015",7.82,7.773,7.853,8.093
"358","06-01-2016",6.95,7.115,7.458,8.084
"359","06-01-2017",6.36,6.496,6.835,6.975
"360","06-02-2008",7.48,7.977,8.049,7.813
"361","06-02-2009",3.5,5.08,6.493,7.367
"362","06-02-2012",8.3,8.008,8.273,8.539
"363","06-02-2014",8.66,8.38,8.573,9.146
"364","06-02-2015",7.65,7.8,7.948,7.68
"365","06-02-2017",6.35,6.477,6.835,7.056
"366","06-03-2009",3.5,5.075,6.449,7.82
"367","06-03-2013",7.32,7.325,7.383,8.132
"368","06-03-2014",8.58,8.351,8.476,9.219
"369","06-03-2019",6.13,6.357,6.825,7.779
"370","06-04-2009",3.5,5.119,6.47,7.745
"371","06-04-2010",5.15,5.954,7.381,8.459
"372","06-04-2015",7.7,7.894,8.045,7.778
"373","06-04-2018",6.82,7.582,7.888,7.524
"374","06-05-2008",7.57,8.052,8.159,8.34
"375","06-05-2009",3.55,5.079,6.48,7.206
"376","06-05-2012",8.25,7.98,8.212,8.997
"377","06-05-2013",7.34,7.331,7.341,7.939
"378","06-05-2014",8.58,8.503,8.394,9.033
"379","06-05-2015",7.7,7.878,8.011,7.94
"380","06-06-2008",7.6,8.106,8.234,8.654
"381","06-06-2011",8.25,8.217,8.367,8.621
"382","06-06-2012",8.2,7.963,8.232,8.614
"383","06-06-2013",7.36,7.304,7.341,7.476
"384","06-06-2014",8.54,8.236,8.344,8.566
"385","06-06-2016",6.92,7.098,7.425,7.835
"386","06-06-2017",6.36,6.48,6.855,7.3
"387","06-06-2018",6.82,7.613,7.928,8.137
"388","06-06-2019",5.99,6.276,6.759,7.258
"389","06-07-2010",5.15,5.936,7.381,8.358
"390","06-07-2011",8.25,8.208,8.351,8.652
"391","06-07-2012",8.2,7.91,8.202,8.638
"392","06-07-2015",7.7,7.878,8.011,8.034
"393","06-07-2017",6.33,6.425,6.793,7.132
"394","06-07-2018",6.82,7.672,8.011,8.077
"395","06-08-2009",3.6,5.246,6.49,7.972
"396","06-08-2010",5.15,5.939,7.397,8.417
"397","06-08-2012",8.15,7.894,8.205,8.649
"398","06-08-2013",7.34,7.321,7.372,8.776
"399","06-08-2015",7.7,7.894,8.021,8.013
"400","06-08-2016",6.87,7.114,7.425,7.365
"401","06-08-2017",6.29,6.375,6.723,7.035
"402","06-08-2018",6.82,7.626,7.977,8.075
"403","06-09-2010",5.3,5.954,7.411,8.402
"404","06-09-2011",8.2,8.2,8.349,8.638
"405","06-09-2012",8.15,7.894,8.205,8.599
"406","06-09-2016",6.89,7.089,7.409,7.254
"407","06-09-2017",6.29,6.371,6.703,7.133
"408","06-10-2008",7.63,8.1,8.235,8.854
"409","06-10-2009",3.6,5.335,6.608,8.285
"410","06-10-2010",5.25,5.974,7.397,8.37
"411","06-10-2015",7.73,7.889,8.035,7.799
"412","06-10-2016",6.88,7.086,7.407,7.132
"413","06-11-2008",7.68,8.097,8.223,8.347
"414","06-11-2009",3.6,5.306,6.706,8.388
"415","06-11-2012",8.15,7.883,8.205,8.397
"416","06-11-2013",7.44,7.41,7.493,9.149
"417","06-11-2015",7.7,7.878,8.101,7.883
"418","06-11-2018",6.83,7.63,7.992,8.136
"419","06-11-2019",6.03,6.297,6.834,7.168
"420","06-12-2012",8.12,7.842,8.149,8.429
"421","06-12-2013",7.46,7.443,7.492,9.284
"422","06-12-2017",6.32,6.369,6.712,7.444
"423","06-12-2018",6.82,7.635,8.012,7.787
"424","06-12-2019",6.03,6.296,6.796,7.181
"425","07-01-2008",9,9.276,9.04,8.01
"426","07-01-2009",3.55,5.232,6.595,7.16
"427","07-01-2010",5.45,6.194,7.377,8.381
"428","07-01-2011",8.2,8.228,8.389,8.481
"429","07-01-2013",7.49,7.638,7.668,8.107
"430","07-01-2014",8.61,8.349,8.627,9.209
"431","07-01-2015",7.7,7.795,8.031,8.055
"432","07-01-2016",6.78,7.026,7.354,8.076
"433","07-01-2019",6.12,6.283,6.769,7.634
"434","07-02-2008",9,9.328,9.066,7.792
"435","07-02-2012",8.2,7.86,8.187,8.532
"436","07-02-2013",7.47,7.661,7.736,8.107
"437","07-02-2014",8.64,8.319,8.557,9.157
"438","07-02-2017",6.33,6.403,6.741,7.067
"439","07-02-2018",6.86,7.631,8.017,7.85
"440","07-02-2019",6.14,6.255,6.74,7.635
"441","07-03-2008",8.95,9.288,9.158,8.053
"442","07-03-2012",8.25,7.843,8.18,8.606
"443","07-03-2013",7.53,7.685,7.8,8.137
"444","07-03-2014",8.61,8.32,8.566,9.23
"445","07-03-2017",6.33,6.43,6.78,7.427
"446","07-03-2018",6.86,7.644,8.012,7.947
"447","07-03-2019",6.11,6.247,6.735,7.781
"448","07-04-2008",8.85,9.306,9.252,8.613
"449","07-04-2011",8.22,8.234,8.376,8.363
"450","07-04-2014",8.6,8.417,8.564,9.412
"451","07-04-2016",6.79,7.006,7.344,7.822
"452","07-04-2017",6.33,6.418,6.768,7.421
"453","07-05-2010",5.5,6.344,7.438,8.521
"454","07-05-2012",8.2,7.826,8.145,8.998
"455","07-05-2013",7.44,7.675,7.754,7.92
"456","07-05-2017",6.33,6.399,6.753,7.5
"457","07-05-2018",6.9,7.666,8.049,7.914
"458","07-05-2019",6.01,6.167,6.625,7.642
"459","07-06-2010",5.5,6.325,7.438,8.451
"460","07-06-2011",8.3,8.179,8.367,8.627
"461","07-06-2012",8.25,7.803,8.153,8.594
"462","07-06-2015",7.65,7.765,7.936,8.138
"463","07-06-2017",6.32,6.381,6.762,7.185
"464","07-06-2018",6.89,7.668,8.04,8.224
"465","07-07-2008",9,9.259,9.2,9.477
"466","07-07-2009",3.45,5.353,6.45,7.825
"467","07-07-2010",5.65,6.323,7.481,8.345
"468","07-07-2011",8.25,8.212,8.385,8.659
"469","07-07-2012",8.25,7.803,8.153,8.638
"470","07-07-2014",8.59,8.419,8.575,8.744
"471","07-07-2015",7.65,7.737,7.96,8.04
"472","07-07-2016",6.71,6.972,7.241,7.696
"473","07-07-2017",6.34,6.377,6.742,7.128
"474","07-08-2008",9.2,9.364,9.293,9.72
"475","07-08-2009",3.45,5.142,6.371,7.982
"476","07-08-2012",8.25,7.803,8.153,8.628
"477","07-08-2013",7.49,7.744,7.82,8.726
"478","07-08-2014",8.63,8.42,8.6,8.914
"479","07-08-2015",7.59,7.753,7.955,8.022
"480","07-08-2019",6.01,6.131,6.503,6.816
"481","07-09-2009",3.4,5.137,6.396,8.185
"482","07-09-2010",5.6,6.405,7.448,8.394
"483","07-09-2012",8.2,7.785,8.161,8.612
"484","07-09-2013",7.49,7.682,7.843,9.083
"485","07-09-2015",7.57,7.774,7.952,8.013
"486","07-09-2018",6.87,7.7,8.043,8.307
"487","07-10-2008",9.1,9.33,9.387,8.834
"488","07-10-2009",3.38,5.043,6.421,8.296
"489","07-10-2013",7.5,7.677,7.789,9.27
"490","07-10-2014",8.64,8.454,8.653,8.665
"491","07-10-2015",7.58,7.767,7.939,7.808
"492","07-10-2019",5.98,6.204,6.502,7.191
"493","07-11-2008",9.15,9.448,9.443,8.385
"494","07-11-2012",8.19,7.774,8.133,8.399
"495","07-11-2013",7.48,7.695,7.746,9.19
"496","07-11-2014",8.67,8.458,8.647,8.295
"497","07-11-2016",6.72,6.979,7.23,7.265
"498","07-11-2017",6.32,6.363,6.573,7.349
"499","07-11-2019",6,6.189,6.459,7.172
"500","07-12-2010",5.65,6.386,7.384,8.512
"501","07-12-2011",8.25,8.165,8.324,8.887
"502","07-12-2012",8.15,7.749,8.108,8.399
"503","07-12-2016",6.65,6.948,7.197,6.882
"504","07-12-2017",6.32,6.334,6.568,7.44
"505","07-12-2018",6.92,7.606,7.926,7.808
"506","08-01-2008",9.3,9.42,9.33,8.019
"507","08-01-2013",10.29,8.941,8.75,8.105
"508","08-01-2014",8.66,8.498,8.5,9.212
"509","08-01-2016",6.7,6.866,7.034,8.071
"510","08-01-2018",6.92,7.547,7.807,7.624
"511","08-01-2019",5.85,6.05,6.415,7.634
"512","08-02-2010",6.15,7.087,7.7,8.403
"513","08-02-2011",8.5,8.335,8.42,8.57
"514","08-02-2012",8.23,7.934,8.163,8.548
"515","08-02-2013",10.26,9.04,8.8,8.061
"516","08-02-2016",6.69,6.864,7.076,8.273
"517","08-02-2017",6.18,6.288,6.507,7.135
"518","08-02-2018",6.97,7.556,7.817,7.826
"519","08-02-2019",5.8,6.011,6.322,7.671
"520","08-03-2010",6.05,6.989,7.629,8.464
"521","08-03-2011",8.45,8.348,8.399,8.432
"522","08-03-2012",8.25,7.944,8.18,8.606
"523","08-03-2016",6.66,6.869,7.098,8.203
"524","08-03-2017",6.16,6.246,6.441,7.426
"525","08-03-2018",6.94,7.568,7.847,7.934
"526","08-04-2008",9.35,9.283,9.252,8.599
"527","08-04-2009",3.48,5.365,6.77,7.693
"528","08-04-2010",6.35,7.006,7.665,8.459
"529","08-04-2011",8.45,8.317,8.386,8.429
"530","08-04-2012",8.25,7.944,8.18,9.05
"531","08-04-2015",7.53,7.851,7.98,7.858
"532","08-05-2008",9.3,9.153,9.148,8.389
"533","08-05-2009",3.7,5.397,6.877,7.496
"534","08-05-2012",8.25,7.944,8.18,8.93
"535","08-05-2013",10.01,8.915,8.793,7.878
"536","08-05-2014",8.67,8.587,8.639,9.035
"537","08-05-2015",7.5,7.805,7.987,8.036
"538","08-05-2019",5.78,5.996,6.38,7.647
"539","08-06-2009",3.7,5.397,6.885,7.719
"540","08-06-2010",6.3,6.985,7.694,8.468
"541","08-06-2012",8.29,7.938,8.175,8.599
"542","08-06-2013",10.13,8.996,8.834,7.504
"543","08-06-2015",7.5,7.759,7.954,8.148
"544","08-06-2016",6.65,6.845,7.077,7.852
"545","08-06-2017",6.15,6.294,6.436,7.128
"546","08-06-2018",6.95,7.567,7.852,8.215
"547","08-07-2008",9.25,9.205,9.202,9.696
"548","08-07-2009",3.7,5.338,6.828,7.786
"549","08-07-2012",8.24,7.926,8.125,8.638
"550","08-07-2013",10.16,9.029,8.807,7.929
"551","08-07-2014",8.72,8.788,8.734,8.743
"552","08-07-2015",7.53,7.849,7.954,8.035
"553","08-07-2019",5.65,5.928,6.243,6.881
"554","08-08-2008",9.25,9.2,9.139,9.72
"555","08-08-2011",8.3,8.225,8.288,8.592
"556","08-08-2012",8.26,7.94,8.127,8.621
"557","08-08-2013",10.3,9.027,8.744,8.748
"558","08-08-2014",8.74,8.76,8.733,8.915
"559","08-08-2016",6.7,6.849,7.079,7.364
"560","08-08-2017",6.2,6.256,6.455,7.059
"561","08-08-2018",6.97,7.575,7.85,8.1
"562","08-08-2019",5.53,5.894,6.238,6.78
"563","08-09-2010",6.3,7.01,7.691,8.39
"564","08-09-2011",8.3,8.188,8.246,8.632
"565","08-09-2012",8.25,7.954,8.127,8.612
"566","08-09-2013",10.3,9.027,8.744,9.083
"567","08-09-2016",6.66,6.848,7.046,7.201
"568","08-09-2017",6.17,6.254,6.462,7.15
"569","08-10-2009",3.65,5.467,6.904,8.28
"570","08-10-2010",6.3,7.003,7.697,8.422
"571","08-10-2012",8.22,7.963,8.132,8.421
"572","08-10-2013",10.3,9.027,8.744,9.057
"573","08-10-2014",8.74,8.76,8.733,8.633
"574","08-10-2015",7.52,7.802,7.938,7.796
"575","08-10-2018",6.97,7.544,7.804,8.322
"576","08-11-2010",6.3,6.971,7.598,8.422
"577","08-11-2011",8.25,8.153,8.218,9.048
"578","08-11-2012",8.22,7.963,8.132,8.403
"579","08-11-2013",10.3,9.027,8.744,9.387
"580","08-11-2016",6.67,6.845,7.028,7.266
"581","08-11-2017",6.23,6.341,6.496,7.37
"582","08-12-2008",9.15,9.156,9.036,7.385
"583","08-12-2009",3.73,5.646,6.778,8.363
"584","08-12-2010",6.3,6.964,7.628,8.525
"585","08-12-2011",8.25,8.169,8.275,8.829
"586","08-12-2014",8.71,8.731,8.729,8.015
"587","08-12-2015",7.51,7.79,7.933,8.036
"588","08-12-2016",6.69,6.846,7.039,6.9
"589","09-01-2008",9.1,9.07,8.817,8.003
"590","09-01-2009",3.92,6.021,7.16,7.321
"591","09-01-2012",8.23,8.012,8.231,8.537
"592","09-01-2013",10.92,9.27,9.349,8.097
"593","09-01-2014",8.68,8.597,8.61,9.215
"594","09-01-2015",7.5,7.703,7.887,8.055
"595","09-01-2017",6.2,6.321,6.479,6.971
"596","09-02-2009",3.9,5.96,7.147,7.473
"597","09-02-2010",6.3,6.836,7.72,8.403
"598","09-02-2011",8.43,8.25,8.358,8.556
"599","09-02-2013",10.85,9.209,9.104,8.061
"600","09-02-2015",7.46,7.691,7.884,7.7
"601","09-02-2016",6.66,6.836,7.015,8.279
"602","09-03-2009",3.9,5.984,7.226,7.918
"603","09-03-2010",6.25,6.86,7.702,8.464
"604","09-03-2012",8.25,7.986,8.213,8.636
"605","09-03-2014",8.67,8.601,8.598,9.23
"606","09-03-2015",7.47,7.696,7.881,7.765
"607","09-03-2018",7.02,7.705,8.041,7.943
"608","09-04-2008",9.05,8.922,8.566,8.545
"609","09-04-2009",3.9,6.009,7.254,7.628
"610","09-04-2012",8.25,7.98,8.203,8.993
"611","09-04-2013",10.81,9.184,9.027,8.128
"612","09-04-2014",8.67,8.603,8.588,9.403
"613","09-04-2015",7.47,7.7,7.893,7.854
"614","09-04-2018",7.05,7.822,8.111,7.553
"615","09-04-2019",5.63,5.794,6.26,7.695
"616","09-05-2008",8.95,8.873,8.573,8.362
"617","09-05-2011",8.4,8.206,8.305,8.612
"618","09-05-2012",8.2,7.975,8.167,8.939
"619","09-05-2013",10.51,8.977,8.903,7.761
"620","09-05-2014",8.63,8.608,8.59,9.033
"621","09-05-2017",6.2,6.335,6.497,7.491
"622","09-05-2018",7.04,7.822,8.112,7.965
"623","09-05-2019",5.6,5.776,6.278,7.658
"624","09-06-2010",6.25,6.846,7.728,8.473
"625","09-06-2011",8.45,8.213,8.313,8.601
"626","09-06-2012",8.15,7.969,8.162,8.599
"627","09-06-2016",6.66,6.821,6.997,7.846
"628","09-06-2017",6.2,6.335,6.508,7.088
"629","09-07-2009",3.9,5.993,7.15,7.806
"630","09-07-2010",6.2,6.832,7.698,8.362
"631","09-07-2012",8.19,7.979,8.211,8.627
"632","09-07-2013",10.43,9.007,8.989,7.929
"633","09-07-2015",7.49,7.718,7.929,8.04
"634","09-07-2018",7.1,7.875,8.095,8.141
"635","09-08-2010",6.3,6.838,7.701,8.362
"636","09-08-2011",8.4,8.198,8.298,8.554
"637","09-08-2012",8.19,7.979,8.211,8.623
"638","09-08-2013",10.43,9.007,8.989,8.748
"639","09-08-2016",6.67,6.805,6.958,7.306
"640","09-08-2017",6.2,6.335,6.523,7.055
"641","09-09-2008",8.85,8.632,8.509,8.998
"642","09-09-2009",3.9,6.097,7.164,8.237
"643","09-09-2010",6.3,6.835,7.709,8.383
"644","09-09-2011",8.34,8.218,8.324,8.637
"645","09-09-2013",10.43,9.007,8.989,9.083
"646","09-09-2014",8.68,8.481,8.581,8.751
"647","09-09-2015",7.51,7.699,7.903,7.996
"648","09-09-2016",6.66,6.793,6.942,7.203
"649","09-09-2019",5.52,5.761,6.285,7.041
"650","09-10-2009",4,6.064,7.231,8.36
"651","09-10-2012",8.2,7.953,8.19,8.417
"652","09-10-2013",10.02,8.939,9.034,9.005
"653","09-10-2014",8.67,8.684,8.595,8.673
"654","09-10-2015",7.5,7.698,7.903,7.787
"655","09-10-2018",7.11,7.988,8.176,8.393
"656","09-11-2009",4,6.107,7.246,8.382
"657","09-11-2012",8.15,7.947,8.198,8.429
"658","09-11-2015",7.49,7.69,7.902,7.926
"659","09-11-2017",6.19,6.34,6.516,7.372
"660","09-11-2018",7.12,7.988,8.223,8.076
"661","09-12-2011",8.35,8.191,8.313,8.833
"662","09-12-2013",10.12,8.951,9.007,9.346
"663","09-12-2014",8.67,8.566,8.57,7.979
"664","09-12-2016",6.66,6.817,6.944,6.958
"665","09-12-2019",5.48,5.753,6.341,7.231
"666","10-01-2008",8.9,8.706,8.508,7.941
"667","10-01-2012",8.1,7.824,8.173,8.542
"668","10-01-2013",9.36,8.605,8.783,8.068
"669","10-01-2014",8.64,8.486,8.542,9.139
"670","10-01-2018",7.36,7.827,8.037,7.688
"671","10-01-2019",5.44,5.791,6.396,7.638
"672","10-02-2012",8.1,7.824,8.173,8.534
"673","10-03-2008",8.9,8.68,8.353,8.115
"674","10-03-2011",8.5,8.405,8.522,8.411
"675","10-03-2012",8.1,7.811,8.145,8.636
"676","10-03-2015",7.1,7.474,7.658,7.775
"677","10-03-2016",6.54,6.641,6.773,8.214
"678","10-03-2017",6.17,6.392,6.63,7.517
"679","10-04-2012",8.1,7.805,8.142,8.963
"680","10-04-2013",9.26,8.509,8.622,8.128
"681","10-04-2017",6.19,6.426,6.68,7.43
"682","10-04-2018",7.42,7.999,8.15,7.648
"683","10-04-2019",5.35,5.782,6.321,7.679
"684","10-05-2010",6.5,7.019,7.789,8.526
"685","10-05-2011",8.5,8.386,8.518,8.645
"686","10-05-2012",8.1,7.829,8.163,8.951
"687","10-05-2016",6.34,6.547,6.668,7.847
"688","10-05-2018",7.38,7.801,7.985,7.968
"689","10-06-2008",8.55,8.464,8.198,8.684
"690","10-06-2009",3.65,5.848,7.168,7.681
"691","10-06-2010",6.55,7.067,7.745,8.484
"692","10-06-2015",7.1,7.46,7.625,8.168
"693","10-06-2016",6.45,6.586,6.705,7.849
"694","10-07-2008",8.35,8.266,8.147,9.779
"695","10-07-2009",3.9,5.873,7.181,7.796
"696","10-07-2013",9.18,8.498,8.647,7.904
"697","10-07-2014",8.65,8.524,8.515,8.799
"698","10-07-2015",7.1,7.465,7.66,8.045
"699","10-07-2019",5.3,5.757,6.373,6.83
"700","10-08-2009",3.9,5.838,7.155,8.017
"701","10-08-2010",6.55,7.106,7.78,8.39
"702","10-08-2012",8.1,7.816,8.145,8.631
"703","10-08-2013",8.79,8.276,8.44,8.748
"704","10-08-2014",8.64,8.526,8.472,8.915
"705","10-08-2015",7.1,7.452,7.644,8.005
"706","10-08-2018",7.3,7.725,7.948,8.133
"707","10-09-2009",3.8,5.864,7.251,8.284
"708","10-09-2012",8.05,7.795,8.122,8.598
"709","10-09-2013",8.77,8.298,8.441,9.03
"710","10-09-2014",8.59,8.528,8.503,8.765
"711","10-09-2015",7.1,7.449,7.649,7.994
"712","10-09-2018",7.29,7.836,8.04,8.37
"713","10-10-2008",7.95,8.006,7.995,8.45
"714","10-10-2011",8.55,8.439,8.632,8.986
"715","10-10-2012",8.15,7.818,8.132,8.429
"716","10-10-2013",8.76,8.306,8.441,9.005
"717","10-10-2014",8.58,8.533,8.48,8.666
"718","10-10-2016",6.43,6.574,6.71,7.151
"719","10-10-2017",6.18,6.422,6.694,7.353
"720","10-10-2018",7.28,7.725,8.014,8.345
"721","10-10-2019",5.32,5.731,6.333,7.185
"722","10-11-2010",6.6,7.072,7.773,8.447
"723","10-11-2012",8.1,7.805,8.148,8.429
"724","10-11-2017",6.19,6.412,6.691,7.379
"725","10-12-2009",3.95,5.877,7.278,8.411
"726","10-12-2010",6.6,7.051,7.752,8.513
"727","10-12-2012",8.1,7.815,8.135,8.409
"728","10-12-2015",7.1,7.467,7.666,8.03
"729","10-12-2018",7.25,7.691,7.974,7.765
"730","11-01-2010",7.05,7.257,7.812,8.392
"731","11-01-2011",8.7,8.611,8.845,8.552
"732","11-01-2012",8.15,7.847,8.157,8.546
"733","11-01-2013",8.6,8.402,8.572,8.036
"734","11-01-2016",6.43,6.57,6.715,8.093
"735","11-01-2017",6.2,6.485,6.765,7.01
"736","11-01-2018",7.24,7.599,7.772,7.688
"737","11-01-2019",5.19,5.617,6.283,7.634
"738","11-02-2010",7.05,7.15,7.743,8.441
"739","11-02-2011",8.7,8.601,8.823,8.564
"740","11-02-2012",8.15,7.849,8.17,8.534
"741","11-02-2015",7.16,7.423,7.664,7.712
"742","11-02-2016",6.45,6.568,6.715,8.27
"743","11-03-2008",7.15,7.322,7.504,8.093
"744","11-03-2010",6.95,7.149,7.733,8.464
"745","11-03-2011",8.75,8.56,8.792,8.401
"746","11-03-2013",8.6,8.402,8.572,8.133
"747","11-03-2014",8.44,8.269,8.265,9.16
"748","11-03-2015",7.16,7.41,7.679,7.791
"749","11-03-2016",6.48,6.565,6.712,8.21
"750","11-04-2008",7.2,7.214,7.53,8.613
"751","11-04-2011",8.7,8.659,8.829,8.439
"752","11-04-2013",8.6,8.402,8.572,8.128
"753","11-04-2016",6.46,6.557,6.738,7.796
"754","11-04-2019",5.16,5.622,6.349,7.677
"755","11-05-2009",3.79,5.816,7.313,7.491
"756","11-05-2012",8.12,7.85,8.163,8.946
"757","11-05-2015",7.18,7.408,7.697,7.984
"758","11-05-2018",7.17,7.544,7.785,7.943
"759","11-06-2008",7.3,7.147,7.467,8.664
"760","11-06-2009",3.8,5.675,7.269,7.714
"761","11-06-2012",8.19,7.843,8.147,8.602
"762","11-06-2013",8.71,8.523,8.657,7.607
"763","11-06-2015",7.15,7.418,7.704,8.206
"764","11-06-2018",7.16,7.452,7.689,8.167
"765","11-06-2019",5.17,5.62,6.284,7.327
"766","11-07-2008",7.2,7.156,7.467,9.743
"767","11-07-2012",8.16,7.828,8.155,8.626
"768","11-07-2013",8.74,8.525,8.649,7.878
"769","11-07-2014",8.37,8.197,8.196,8.799
"770","11-07-2016",6.46,6.555,6.725,7.704
"771","11-07-2017",6.19,6.486,6.767,7.094
"772","11-07-2019",5.15,5.644,6.308,6.749
"773","11-08-2010",7,7.268,7.79,8.378
"774","11-08-2011",8.7,8.741,8.866,8.544
"775","11-08-2012",8.16,7.829,8.152,8.631
"776","11-08-2013",8.75,8.567,8.743,8.748
"777","11-08-2016",6.45,6.545,6.698,7.232
"778","11-08-2017",6.21,6.497,6.767,7.083
"779","11-09-2009",3.85,5.577,7.243,8.311
"780","11-09-2012",8.16,7.853,8.171,8.599
"781","11-09-2015",7.16,7.417,7.772,7.987
"782","11-09-2017",6.2,6.487,6.758,7.157
"783","11-09-2018",7.2,7.432,7.662,8.408
"784","11-10-2010",7.15,7.26,7.82,8.42
"785","11-10-2012",8.16,7.853,8.171,8.434
"786","11-10-2017",6.21,6.503,6.793,7.345
"787","11-11-2008",7.2,6.938,7.47,8.385
"788","11-11-2009",3.76,5.596,7.299,8.377
"789","11-11-2010",7.15,7.252,7.837,8.458
"790","11-11-2011",8.9,8.788,8.941,9.221
"791","11-11-2013",8.83,8.639,8.801,9.332
"792","11-11-2014",8.36,8.2,8.203,8.274
"793","11-11-2016",6.35,6.403,6.575,7.158
"794","11-11-2019",5.16,5.646,6.384,7.261
"795","11-12-2008",7.25,7.018,7.455,7.244
"796","11-12-2009",3.9,5.622,7.299,8.417
"797","11-12-2012",8.17,7.871,8.184,8.404
"798","11-12-2013",8.82,8.852,8.872,9.334
"799","11-12-2014",8.36,8.202,8.176,7.932
"800","11-12-2018",7.22,7.454,7.711,7.814
"801","12-01-2009",3.75,5.669,7.038,7.175
"802","12-01-2010",7.25,7.34,7.943,8.392
"803","12-01-2011",8.65,8.453,8.684,8.531
"804","12-01-2012",8.16,7.83,8.163,8.548
"805","12-01-2015",7.2,7.383,7.789,8.029
"806","12-01-2016",6.04,5.994,6.179,8.101
"807","12-02-2008",6.9,6.967,7.052,7.743
"808","12-02-2009",3.8,5.664,7.038,7.477
"809","12-02-2013",8.87,8.481,8.681,8.08
"810","12-02-2014",8.28,7.942,8.001,9.219
"811","12-02-2015",7.2,7.382,7.792,7.721
"812","12-02-2016",6.02,6.044,6.22,8.273
"813","12-02-2019",5.1,5.523,6.182,7.698
"814","12-03-2008",6.55,6.547,6.903,8.044
"815","12-03-2009",3.8,5.722,7.107,8.117
"816","12-03-2010",7.25,7.339,7.978,8.464
"817","12-03-2012",8.14,7.839,8.16,8.62
"818","12-03-2013",8.82,8.448,8.63,8.159
"819","12-03-2014",8.3,7.988,8.012,9.168
"820","12-03-2015",7.2,7.361,7.733,7.775
"821","12-03-2018",7.03,7.305,7.521,7.916
"822","12-03-2019",5.07,5.516,6.18,7.77
"823","12-04-2012",8.15,7.839,8.142,8.836
"824","12-04-2013",8.8,8.45,8.636,8.093
"825","12-04-2017",6.23,6.598,6.899,7.439
"826","12-04-2018",7.05,7.286,7.558,7.761
"827","12-04-2019",5.11,5.508,6.163,7.633
"828","12-05-2008",6.35,6.525,6.79,8.32
"829","12-05-2011",8.55,8.335,8.548,8.639
"830","12-05-2012",8.16,7.832,8.137,8.946
"831","12-05-2014",8.31,8.007,7.983,9.031
"832","12-05-2016",5.99,6.064,6.175,7.844
"833","12-05-2017",6.24,6.582,6.88,7.476
"834","12-06-2012",8.16,7.833,8.129,8.567
"835","12-06-2013",8.84,8.46,8.698,7.627
"836","12-06-2017",6.24,6.546,6.872,7.099
"837","12-06-2018",7,7.151,7.365,8.16
"838","12-06-2019",5.1,5.727,6.365,7.288
"839","12-07-2010",7.25,7.316,8.045,8.362
"840","12-07-2011",8.6,8.298,8.472,8.625
"841","12-07-2012",8.15,7.835,8.11,8.608
"842","12-07-2016",6.15,6.243,6.405,7.648
"843","12-07-2017",6.23,6.562,6.906,7.087
"844","12-07-2018",7.01,7.246,7.389,8.111
"845","12-08-2008",5.7,6.181,6.74,9.528
"846","12-08-2009",3.85,5.693,7.219,7.987
"847","12-08-2010",7.3,7.346,8.05,8.381
"848","12-08-2011",8.55,8.262,8.422,8.594
"849","12-08-2014",8.34,7.931,7.996,8.892
"850","12-08-2015",7.2,7.39,7.825,8.013
"851","12-08-2016",6.1,6.232,6.4,7.24
"852","12-09-2011",8.55,8.285,8.465,8.629
"853","12-09-2013",8.82,8.431,8.959,9.083
"854","12-09-2014",8.29,8.056,7.978,8.738
"855","12-09-2016",6.16,6.258,6.42,7.239
"856","12-09-2019",5.17,5.726,6.386,7.042
"857","12-10-2009",3.85,5.714,7.261,8.386
"858","12-10-2010",7.25,7.391,8.039,8.417
"859","12-10-2012",8.15,7.836,8.124,8.422
"860","12-10-2015",7.23,7.388,7.779,7.817
"861","12-10-2018",7.01,7.259,7.614,8.31
"862","12-11-2008",5.6,5.619,6.433,8.338
"863","12-11-2009",3.85,5.763,7.277,8.399
"864","12-11-2012",8.15,7.829,8.134,8.431
"865","12-11-2013",8.88,8.506,8.911,9.41
"866","12-11-2014",8.3,7.89,7.93,8.261
"867","12-11-2018",7.01,7.258,7.461,8.107
"868","12-12-2008",5.45,5.369,6.23,7.031
"869","12-12-2011",8.5,8.21,8.423,8.771
"870","12-12-2012",8.16,7.83,8.14,8.408
"871","12-12-2013",8.85,8.473,8.921,9.359
"872","12-12-2014",8.28,7.789,7.886,7.9
"873","12-12-2017",6.22,6.612,6.998,7.479
"874","12-12-2018",6.98,7.185,7.365,7.724
"875","12-12-2019",5.19,5.764,6.566,7.307
